<xml xmlns:o="urn:schemas-microsoft-com:office:office">
 <o:MainFile HRef="../Team-12-term-project-report_tutorial_20180603.htm"/>
 <o:File HRef="item0001.xml"/>
 <o:File HRef="props002.xml"/>
 <o:File HRef="themedata.thmx"/>
 <o:File HRef="colorschememapping.xml"/>
 <o:File HRef="plchdr.htm"/>
 <o:File HRef="image001.png"/>
 <o:File HRef="image002.gif"/>
 <o:File HRef="image003.gif"/>
 <o:File HRef="image004.gif"/>
 <o:File HRef="image005.png"/>
 <o:File HRef="image006.jpg"/>
 <o:File HRef="image007.png"/>
 <o:File HRef="image008.gif"/>
 <o:File HRef="image009.png"/>
 <o:File HRef="image010.gif"/>
 <o:File HRef="image011.png"/>
 <o:File HRef="image012.gif"/>
 <o:File HRef="image013.png"/>
 <o:File HRef="image014.gif"/>
 <o:File HRef="image015.png"/>
 <o:File HRef="image016.gif"/>
 <o:File HRef="image017.png"/>
 <o:File HRef="image018.gif"/>
 <o:File HRef="image019.png"/>
 <o:File HRef="image020.gif"/>
 <o:File HRef="image021.gif"/>
 <o:File HRef="image022.png"/>
 <o:File HRef="image023.gif"/>
 <o:File HRef="image024.png"/>
 <o:File HRef="image025.gif"/>
 <o:File HRef="image026.jpg"/>
 <o:File HRef="image027.jpg"/>
 <o:File HRef="image028.png"/>
 <o:File HRef="image029.jpg"/>
 <o:File HRef="image030.png"/>
 <o:File HRef="image031.gif"/>
 <o:File HRef="image032.png"/>
 <o:File HRef="image033.gif"/>
 <o:File HRef="image034.png"/>
 <o:File HRef="image035.gif"/>
 <o:File HRef="image036.png"/>
 <o:File HRef="image037.jpg"/>
 <o:File HRef="image038.png"/>
 <o:File HRef="image039.gif"/>
 <o:File HRef="image040.png"/>
 <o:File HRef="image041.jpg"/>
 <o:File HRef="image042.png"/>
 <o:File HRef="image043.gif"/>
 <o:File HRef="image044.png"/>
 <o:File HRef="image045.jpg"/>
 <o:File HRef="image046.png"/>
 <o:File HRef="image047.gif"/>
 <o:File HRef="image048.png"/>
 <o:File HRef="image049.jpg"/>
 <o:File HRef="image050.png"/>
 <o:File HRef="image051.gif"/>
 <o:File HRef="image052.png"/>
 <o:File HRef="image053.jpg"/>
 <o:File HRef="image054.png"/>
 <o:File HRef="image055.gif"/>
 <o:File HRef="image056.png"/>
 <o:File HRef="image057.gif"/>
 <o:File HRef="image058.png"/>
 <o:File HRef="image059.gif"/>
 <o:File HRef="image060.png"/>
 <o:File HRef="image061.gif"/>
 <o:File HRef="image062.png"/>
 <o:File HRef="image063.jpg"/>
 <o:File HRef="image064.png"/>
 <o:File HRef="image065.jpg"/>
 <o:File HRef="image066.png"/>
 <o:File HRef="image067.jpg"/>
 <o:File HRef="header.htm"/>
 <o:File HRef="filelist.xml"/>
</xml>